--SE REALIZARA UNA INSERCION DE REGISTRO EN LA BASE DE DATOS LLAMDA : VentasDB
use VentasDB
go
insert into tblDistrito values
('D01','SURCO'),
('D02','JESUS MARIA'),
('D03','SAN ISIDRO'),
('D04','LA MOLINA'),
('D05', 'SAN MIGUEL'),
('D06','MIRAFLORES'),
('D07','BARRANCO'),
('D08','CHORRILLOS'),
('D09','SAN BORJA'),
('D10', 'LINCE'),
('D11','BREÑA'),
('D12','MAGDALENA'),
('D13','RIMAC'),
('D14','SURQUILLO'),
('D15', 'PUEBLO LIBRE'),
('D16','BELLAVISTA'),
('D17','CALLAO'),
('D18','SAN MARTIN DE PORRES'),
('D19','SANTA ANITA'),
('D20', 'LOS OLIVOS'),
('D21','INDEPENDENCIA'),
('D22','LIMA - CERCADO'),
('D23','SAN LUIS'),
('D24','EL AGUSTINO'),
('D25', 'SAN JUAN DE LURIGANCHO'),
('D26','ATE - VITARTE'),
('D27','SAN JUAN DE MIRAFLORES'),
('D28','CARMEN DE LA LEGUA'),
('D29','COMAS'),
('D30', 'VILLA MARIA DEL TRIUNFO'),
('D31','VILLA EL SALVADOR'),
('D32','LA PERLA'),
('D33','VENTANILLA'),
('D34','PUENTE PIEDRA'),
('D35', 'CARABAYLLO'),
('D36','SANTA MARIA')

insert into tblVendedor values 
('V01','JUANA','ALVA',1000,'07/12/2003','1','D08'),
('V02','JUAN','SOTO',1200,'10/03/2002','2','D03'),
('V03','CARLOS','AREVALO',1500,'02/10/1992','2','D09'),
('V04','CESAR','OJEDA',850,'08/11/1999','1','D01'),
('V05','JULIO','VEGA',1500,'11/05/1997','1','D01'),
('V06','ANA','ORTEGA',1200,'11/05/1994','1','D05'),
('V07','JOSE','PALACIOS',2500,'12/02/1997','1','D02'),
('V08','RUBEN','GOMEZ',1450,'12/08/1996','2','D04'),
('V09','PATRICIA','ARCE',1800,'12/05/1997','2','D04'),
('V10','RENATO','PEREZ',1550,'11/08/1998','2','D01')
go

insert into tblCliente values 
('C001','FINSETH','AV. LOS VIÑEDOS 150','4342318','43632081','D05','12/10/2008','1','ALICIA BARRETO'),
('C002','ORBI','AV. EMILIO CAVENECIA 225','4406335','57031642','D04','02/01/2013','2','ALFONSO BELTRAN'),
('C003','SERVIEMSA','JR. COLLAGATE 522','75012403',NULL,'D05','06/03/2011','2','CHRISTIAN LAGUNA'),
('C004','ISSA','CALLE LOS AVIADORE 263','3725910','4670159','D01','09/12/2012','1','LUIS APUMAYTA'),
('C005','BERKER','AV. LOS PROCERES 521','3810322','54890124','D05','07/05/2013','1','JUDIHT ASTE'),
('C006','FINSETH','AV. LOS VIÑEDOS 150','4342318','43632081','D05','12/10/2008','1','ALICIA BARRETO'),
('C007','FIDENZA','JR. EL NIQUEL 282','5289034','16204790','D20','10/02/2012','2','HECTOR VIVANCO'),
('C008','INTECH','AV. SAN LUIS 2619 5TO P','2249493','34021824','D09','01/07/2011','2','CARLOS VILLANUEVA'),
('C009','ISSA','CALLE LOS AVIADORE 263','3725910','4670159','D01','09/12/2012','1','LUIS APUMAYTA'),
('C010','LANDU','AV. NICOLAS DE AYLLON 1453','3267840','30405261','D05','11/06/2013','1','RAQUEL ESPINOZA'),
('C011','FILASUR','AV. EL SANTUARIO 1189','4598175','70345201','D26','08/04/2012','1','ANGELICA RIVAS'),
('C012','SUCERTE','JR. GRITO DE HUAJURA 114','4206434','62014503','D05','11/08/2011','1','KARINA VEGA'),
('C013','HAYASHI','JR. AYACUCHO 359','42084799',NULL,'D22','03/09/2011','2','ERNESTO UEHARA'),
('C014','KADIA','AV. SANTA CRUZ 1332 OF.201','4412418','22202915','D06','10/05/2011','1','MIGUEL ARCE'),
('C015','MEBA','AV. ELMER FAUCETT 1638','4641234','50319542','D16','06/11/2011','2','RICARDO GOMEZ'),
('C016','CARDELI','JR. BARTOLOME HERRERA 451','2658853','26403158','D10','05/04/2013','2','GIANCARLO BONIFAZ'),
('C017','PAYET','CALLE JUAN FANNING 327','4779834','70594032','D07','05/12/2013','1','PAOLA URIBE'),
('C018','DASIN','AV. SAENZ PEÑA 338-B','4657574','35016752','D17','12/03/2011','1','ANGELA BARRETO'),
('C019','COREFO','AV. CANADA 3894-3898','4377499','57201691','D24','01/03/2010','2','ROSALYN CORTEZ'),
('C020','CRAMER','JR. MARISCAL MILLER 1131','4719061','46031783','D02','08/11/2010','1','CHRISTOPHER RAMOS')
GO
insert  into tblProveedor values
('PR001','FABER CASTELL','AV. ISABEL LA CATOLICA 1875','4330895','D13','CARLOS AGUIRRE'),
('PR002','ATLAS','AV. LIMA 471','5380926','D13','CESAR TORRES'),
('PR003','3M','AV. VENEZUELA 3018','2908165','D16','OMAR INJOQUE'),
('PR004','DITO','AV. METROPOLITANA 376',NULL,'D19','RAMON FLORES'),
('PR005','ACKER','CALLE LAS DUNAS 245','4780143','D27','JULIO ACUÑA'),
('PR006','DEDITEC','CALLE PICHINCHA 644','5662848','D11','JAVIER GONZALEZ'),
('PR007','OFICCETEC','CALLE LAS PERDICES 225 OF. 204','4216184','D03','CARLOS ROBLES'),
('PR008','INVICTA','AV. LOS FRUTALES 564','4364247','D27','ALBERTO ROFRIGUEZ'),
('PR009','DIPROPOR','AV. EL AIRE 901','4742046','D24','ROBERTO RONCEROS'),
('PR010','MIURA','AV. LA PAZ 257','4459710','D06','JORGE VAZQUEZ'),
('PR011','PRAXIS','AV. JOSE GALVES 1820-1844','4703944','D10','ERIKA ZEGARRA'),
('PR012','SUMIGRAC','AV. MANCO CAPAC 754','3320343','D13','KARINA PAREDES'),
('PR013','LIMMSA','PROLG. GUAYLAS 670','2546995','D08','LAURA ORTEGA'),
('PR014','VENINSA','AV. TEJADA 338','2473832','D07','MELISA RAMOS'),
('PR015','CROSLAND','AV. ARGENTINA 3206-3250','4515272','D17','JUAN RAMIREZ'),
('PR016','PETRAMAS','CALLE JOAQUIN MADRID 141 2DO P',NULL,'D09','ROCIO GUERRERO'),
('PR017','REAWSE','AV. SANTA ROSA 480',NULL,'D19','MARIA PEREZ'),
('PR018','EDUSA','AV. MORALES DUAREZ 1260','4525536','D29','PABLO MARTEL'),
('PR019','OTTMER','URB.PRO INDUSTRIAL MZ B6 LT 16','5369893','D18','ANGELA RENDILLA')

insert into tblFactura values
('FA001','06-07-2013','C001','05-08-2013','2','V01',0.19),
('FA002','06-07-2013','C019','05-08-2013','3','V02',0.19),
('FA003','01-09-2013','C003','03-10-2013','2','V04',0.19),
('FA004','06-09-2013','C016','05-10-2013','2','V07',0.19),
('FA005','01-10-2013','C015','12-10-2013','2','V08',0.19),
('FA006','01-08-2013','C009','05-08-2013','3','V05',0.19),
('FA007','05-10-2013','C009','10-10-2013','1','V09',0.19),
('FA008','04-10-2013','C012','06-10-2013','2','V10',0.19),
('FA009','03-10-2013','C008','10-10-2013','2','V09',0.19),
('FA010','01-10-2013','C017','06-10-2013','2','V02',0.19),
('FA011','10-09-2013','C019','10-09-2013','2','V05',0.19),
('FA012','01-12-2013','C014','01-12-2013','1','V04',0.19),
('FA013','01-12-2013','C011','01-12-2013','3','V08',0.19),
('FA014','01-12-2012','C020','01-12-2013','2','V09',0.19),
('FA015','08-12-2013','C015','06-01-2013','2','V07',0.19),
('FA016','06-01-2013','C016','09-01-2013','2','V05',0.19),
('FA017','06-01-2013','C015','06-01-2013','1','V06',0.19),
('FA018','03-02-2013','C016','04-02-2013','2','V10',0.19),
('FA019','07-02-2013','C008','01-03-2013','2','V03',0.19),
('FA020','06-02-2013','C013','10-03-2013','2','V02',0.19)

insert into tblOrden_Compra values
('OC001','05-03-2013','PR008','12-03-2013','1'),
('OC002','08-04-2013','PR016','10-04-2013','1'),
('OC003','02-08-2013','PR010','02-08-2013','3'),
('OC004','05-04-2013','PR001','05-04-2013','3'),
('OC005','06-03-2013','PR007','10-03-2013','1'),
('OC006','02-01-2013','PR019','02-01-2013','1'),
('OC007','06-02-2013','PR019','05-04-2013','3'),
('OC008','02-06-2013','PR004','01-07-2013','1'),
('OC009','03-08-2013','PR011','10-09-2013','1'),
('OC010','05-09-2013','PR001','05-09-2013','1'),
('OC011','02-10-2013','PR003','03-10-2013','1'),
('OC012','04-10-2013','PR014','05-10-2013','3'),
('OC013','02-11-2013','PR005','06-11-2013','1'),
('OC014','03-11-2013','PR019','05-12-2013','1'),
('OC015','03-11-2013','PR018','10-12-2013','1'),
('OC016','08-01-2013','PR006','06-12-2013','3'),
('OC017','01-02-2013','PR009','08-01-2013','1'),
('OC018','01-02-2013','PR018','01-02-2013','1'),
('OC019','03-03-2013','PR011','03-03-2013','1'),
('OC020','02-04-2013','PR005','02-04-2013','2')

insert into tblProducto values
('P001','PAPEL BOND A-4',35.00,200,1500,'MLL','2','V'),
('P002','PAPEL BOND OFICIO',35.00,50,1500,'MLL','2','F'),
('P003','PAPEL BULKY',10,498,1000,'MLL','2','V'),
('P004','PAPEL PERIODICO',9,4285,1000,'MLL','2','F'),
('P005','CARTUCHO TINTA NEGRA',40,30,30,'UNI','1','F'),
('P006','CARTUCHO TINTA A COLOR',45,58,35,'UNI','1','F'),
('P007','PORTA DISKETTES',3.50,300,100,'UNI','1','V'),
('P008','CAJA DE DISKETTES *10',30,125,180,'UNI','1','F'),
('P009','BORRADOR DE TINTA',10,100,500,'DOC','3','V'),
('P010','BORRADOR BLANCO',8,2000,400,'DOC','3','F'),
('P011','TAJADOR METAL',20,1120,300,'DOC','3','F'),
('P012','TAJADOR PLASTICO',12,608,300,'DOC','3','F'),
('P013','FOLDER MANILA OFICIO',20,200,150,'CIE','3','F'),
('P014','FOLDER MANILA A-4',20,150,150,'CIE','3','V'),
('P015','SOBRE MANILA OFICIO',15,300,130,'CIE','3','F'),
('P016','SOBRE MANILA A-4',18,200,100,'CIE','3','F'),
('P017','LAPICERO NEGRO',10,3000,1000,'DOC','3','F'),
('P018','LAPICERO AZUL',10,2013,1500,'DOC','3','F'),
('P019','LAPICERO ROJO',8,1900,100,'DOC','3','V'),
('P020','FOLDER PLASTICO A-4',50,3080,1100,'CIE','3','F')

insert into tblDetalle_Factura values
('FA001','P007',6,5),
('FA001','P011',25,25),
('FA001','P013',11,20),
('FA002','P004',8,10),
('FA003','P002',10,40),
('FA003','P011',6,20),
('FA003','P017',21,12),
('FA003','P019',12,10),
('FA004','P004',3,10),
('FA004','P009',50,5),
('FA005','P003',20,10),
('FA005','P006',50,50),
('FA005','P020',5,60),
('FA006','P002',20,35),
('FA006','P003',15,10),
('FA006','P009',12,5),
('FA007','P003',20,12),
('FA007','P012',4,12),
('FA008','P004',15,9),
('FA008','P008',15,30),
('FA008','P020',50,50),
('FA009','P001',5,30),
('FA009','P002',15,35),
('FA009','P006',2,50),
('FA009','P019',1,8),
('FA010','P002',3,35),
('FA011','P002',20,35),
('FA012','P002',3,35),
('FA012','P006',1,50),
('FA013','P002',130,35),
('FA013','P003',5,12),
('FA013','P015',4,12),
('FA014','P009',10,8),
('FA015','P008',5,30),
('FA015','P016',3,18),
('FA016','P006',15,50),
('FA016','P008',2,30),
('FA017','P002',120,40),
('FA017','P005',120,40),
('FA018','P003',4,12),
('FA018','P005',6,40),
('FA019','P002',150,40),
('FA019','P003',6,10),
('FA019','P006',2,45),
('FA019','P008',10,30),
('FA020','P009',120,10),
('FA020','P015',5,15)

insert into tblDetalle_Compra values
('OC001','P006',100),
('OC001','P016',20),
('OC002','P003',200),
('OC002','P005',500),
('OC003','P005',50),
('OC004','P009',10),
('OC004','P013',50),
('OC005','P007',150),
('OC005','P008',100),
('OC008','P002',100),
('OC009','P009',50),
('OC009','P011',50),
('OC010','P001',100),
('OC011','P008',5),
('OC011','P016',10),
('OC012','P007',50),
('OC012','P011',100),
('OC013','P013',50),
('OC014','P004',50),
('OC014','P008',50),
('OC014','P020',50),
('OC016','P015',100),
('OC017','P012',100),
('OC017','P014',100),
('OC019','P006',100),
('OC020','P005',500),
('OC020','P011',100)

insert into tblAbastecimineto values
('PR001','P003',8),
('PR001','P005',35),
('PR001','P007',3),
('PR001','P009',8),
('PR001','P011',18),
('PR002','P002',30),
('PR002','P007',3),
('PR003','P002',32),
('PR003','P004',7),
('PR004','P001',28),
('PR004','P006',40),
('PR005','P018',9),
('PR006','P009',7),
('PR006','P017',8),
('PR007','P016',15),
('PR007','P019',7),
('PR008','P006',42),
('PR008','P010',6),
('PR009','P002',30),
('PR009','P014',17),
('PR011','P001',27),
('PR011','P006',44),
('PR012','P002',33),
('PR012','P010',7),
('PR013','P005',35),
('PR014','P016',15),
('PR015','P020',45),
('PR016','P008',25),
('PR016','P012',9),
('PR016','P013',15),
('PR019','P008',28),
('PR019','P016',16)

select * from tblDistrito
select *from tblCliente
select * from tblProveedor
select * from tblFactura
select * from tblOrden_Compra
select * from tblProducto
select * from tblDetalle_Factura
select * from tblDetalle_Compra
select * from tblAbastecimineto